CLOSE_DEF_PERSON_ID,PLAYER_NAME,PLAYER_LAST_TEAM_ID,PLAYER_LAST_TEAM_ABBREVIATION,PLAYER_POSITION,AGE,GP,G,FREQ,FG3M,FG3A,FG3_PCT,NS_FG3_PCT,PLUSMINUS,DEFENSE_CATEGORY,SEASON,FG2M,FG2A,FG2_PCT,NS_FG2_PCT,FGM_LT_06,FGA_LT_06,LT_06_PCT,NS_LT_06_PCT,FGM_LT_10,FGA_LT_10,LT_10_PCT,NS_LT_10_PCT,FGM_GT_15,FGA_GT_15,GT_15_PCT,NS_GT_15_PCT
1627759,Jaylen Brown,1610612738,BOS,G-F,26.0,67,67,0.34,103.0,293.0,0.352,0.364,-0.012,3 Pointers,2022-23,,,,,,,,,,,,,,,,
1629014,Anfernee Simons,1610612757,POR,G,24.0,62,61,0.322,91.0,280.0,0.325,0.362,-0.037,3 Pointers,2022-23,,,,,,,,,,,,,,,,
203954,Joel Embiid,1610612755,PHI,C-F,29.0,66,64,0.218,89.0,276.0,0.322,0.361,-0.039,3 Pointers,2022-23,,,,,,,,,,,,,,,,
203484,Kentavious Caldwell-Pope,1610612743,DEN,G,30.0,76,73,0.358,91.0,256.0,0.355,0.364,-0.008,3 Pointers,2022-23,,,,,,,,,,,,,,,,
2544,LeBron James,1610612747,LAL,F,38.0,55,55,0.407,93.0,255.0,0.365,0.355,0.01,3 Pointers,2022-23,,,,,,,,,,,,,,,,
1630178,Tyrese Maxey,1610612755,PHI,G,22.0,60,59,0.42,86.0,238.0,0.361,0.36,0.001,3 Pointers,2022-23,,,,,,,,,,,,,,,,
1629731,Dean Wade,1610612739,CLE,F-C,26.0,42,34,0.251,30.0,81.0,0.37,0.356,0.015,3 Pointers,2022-23,,,,,,,,,,,,,,,,
203954,Joel Embiid,1610612755,PHI,C-F,29.0,66,66,0.782,,,,,-0.036,2 Pointers,2022-23,516.0,990.0,0.521,0.557,,,,,,,,,,,,
1629014,Anfernee Simons,1610612757,POR,G,24.0,62,62,0.678,,,,,0.027,2 Pointers,2022-23,335.0,589.0,0.569,0.542,,,,,,,,,,,,
1627759,Jaylen Brown,1610612738,BOS,G-F,26.0,67,67,0.66,,,,,-0.027,2 Pointers,2022-23,296.0,570.0,0.519,0.547,,,,,,,,,,,,
203484,Kentavious Caldwell-Pope,1610612743,DEN,G,30.0,76,76,0.642,,,,,0.059,2 Pointers,2022-23,271.0,460.0,0.589,0.531,,,,,,,,,,,,
2544,LeBron James,1610612747,LAL,F,38.0,55,55,0.593,,,,,-0.031,2 Pointers,2022-23,195.0,371.0,0.526,0.557,,,,,,,,,,,,
1630178,Tyrese Maxey,1610612755,PHI,G,22.0,60,59,0.58,,,,,0.016,2 Pointers,2022-23,181.0,328.0,0.552,0.536,,,,,,,,,,,,
1629731,Dean Wade,1610612739,CLE,F-C,26.0,42,40,0.749,,,,,-0.04,2 Pointers,2022-23,121.0,242.0,0.5,0.54,,,,,,,,,,,,
203954,Joel Embiid,1610612755,PHI,C-F,29.0,66,66,0.423,,,,,-0.014,Less Than 6Ft,2022-23,,,,,338.0,535.0,0.632,0.645,,,,,,,,
1629014,Anfernee Simons,1610612757,POR,G,24.0,62,62,0.403,,,,,0.036,Less Than 6Ft,2022-23,,,,,234.0,350.0,0.669,0.632,,,,,,,,
1627759,Jaylen Brown,1610612738,BOS,G-F,26.0,67,67,0.378,,,,,-0.042,Less Than 6Ft,2022-23,,,,,193.0,326.0,0.592,0.634,,,,,,,,
203484,Kentavious Caldwell-Pope,1610612743,DEN,G,30.0,76,73,0.348,,,,,0.087,Less Than 6Ft,2022-23,,,,,176.0,249.0,0.707,0.62,,,,,,,,
2544,LeBron James,1610612747,LAL,F,38.0,55,53,0.387,,,,,-0.057,Less Than 6Ft,2022-23,,,,,142.0,242.0,0.587,0.643,,,,,,,,
1630178,Tyrese Maxey,1610612755,PHI,G,22.0,60,53,0.309,,,,,0.021,Less Than 6Ft,2022-23,,,,,114.0,175.0,0.651,0.631,,,,,,,,
1629731,Dean Wade,1610612739,CLE,F-C,26.0,42,39,0.437,,,,,-0.036,Less Than 6Ft,2022-23,,,,,84.0,141.0,0.596,0.632,,,,,,,,
203954,Joel Embiid,1610612755,PHI,C-F,29.0,66,66,0.528,,,,,-0.023,Less Than 10Ft,2022-23,,,,,,,,,388.0,669.0,0.58,0.603,,,,
1629014,Anfernee Simons,1610612757,POR,G,24.0,62,62,0.514,,,,,0.038,Less Than 10Ft,2022-23,,,,,,,,,280.0,447.0,0.626,0.588,,,,
1627759,Jaylen Brown,1610612738,BOS,G-F,26.0,67,67,0.482,,,,,-0.04,Less Than 10Ft,2022-23,,,,,,,,,231.0,416.0,0.555,0.596,,,,
203484,Kentavious Caldwell-Pope,1610612743,DEN,G,30.0,76,75,0.462,,,,,0.085,Less Than 10Ft,2022-23,,,,,,,,,218.0,331.0,0.659,0.574,,,,
2544,LeBron James,1610612747,LAL,F,38.0,55,54,0.455,,,,,-0.026,Less Than 10Ft,2022-23,,,,,,,,,164.0,285.0,0.575,0.601,,,,
1630178,Tyrese Maxey,1610612755,PHI,G,22.0,60,56,0.399,,,,,0.005,Less Than 10Ft,2022-23,,,,,,,,,133.0,226.0,0.588,0.583,,,,
1629731,Dean Wade,1610612739,CLE,F-C,26.0,42,39,0.573,,,,,-0.067,Less Than 10Ft,2022-23,,,,,,,,,96.0,185.0,0.519,0.586,,,,
203954,Joel Embiid,1610612755,PHI,C-F,29.0,66,66,0.357,,,,,-0.012,Greater Than 15Ft,2022-23,,,,,,,,,,,,,163.0,452.0,0.361,0.373
1627759,Jaylen Brown,1610612738,BOS,G-F,26.0,67,67,0.421,,,,,-0.015,Greater Than 15Ft,2022-23,,,,,,,,,,,,,131.0,363.0,0.361,0.376
1629014,Anfernee Simons,1610612757,POR,G,24.0,62,62,0.387,,,,,-0.049,Greater Than 15Ft,2022-23,,,,,,,,,,,,,109.0,336.0,0.324,0.373
2544,LeBron James,1610612747,LAL,F,38.0,55,55,0.494,,,,,0.0,Greater Than 15Ft,2022-23,,,,,,,,,,,,,112.0,309.0,0.362,0.363
203484,Kentavious Caldwell-Pope,1610612743,DEN,G,30.0,76,75,0.425,,,,,-0.02,Greater Than 15Ft,2022-23,,,,,,,,,,,,,108.0,304.0,0.355,0.375
1630178,Tyrese Maxey,1610612755,PHI,G,22.0,60,60,0.512,,,,,0.007,Greater Than 15Ft,2022-23,,,,,,,,,,,,,110.0,290.0,0.379,0.373
1629731,Dean Wade,1610612739,CLE,F-C,26.0,42,36,0.316,,,,,0.043,Greater Than 15Ft,2022-23,,,,,,,,,,,,,42.0,102.0,0.412,0.369
1630178,Tyrese Maxey,1610612755,PHI,G,23.0,70,69,0.404,116.0,325.0,0.357,0.368,-0.011,3 Pointers,2023-24,,,,,,,,,,,,,,,,
1627759,Jaylen Brown,1610612738,BOS,G-F,27.0,70,70,0.403,105.0,304.0,0.345,0.37,-0.024,3 Pointers,2023-24,,,,,,,,,,,,,,,,
2544,LeBron James,1610612747,LAL,F,39.0,70,70,0.427,106.0,303.0,0.35,0.367,-0.017,3 Pointers,2023-24,,,,,,,,,,,,,,,,
203484,Kentavious Caldwell-Pope,1610612743,DEN,G,31.0,74,71,0.381,85.0,265.0,0.321,0.369,-0.048,3 Pointers,2023-24,,,,,,,,,,,,,,,,
1629014,Anfernee Simons,1610612757,POR,G,25.0,46,46,0.341,79.0,211.0,0.374,0.377,-0.003,3 Pointers,2023-24,,,,,,,,,,,,,,,,
203954,Joel Embiid,1610612755,PHI,C-F,30.0,39,39,0.227,58.0,189.0,0.307,0.361,-0.054,3 Pointers,2023-24,,,,,,,,,,,,,,,,
1629731,Dean Wade,1610612739,CLE,F-C,27.0,52,48,0.241,28.0,105.0,0.267,0.364,-0.097,3 Pointers,2023-24,,,,,,,,,,,,,,,,
203954,Joel Embiid,1610612755,PHI,C-F,30.0,39,39,0.773,,,,,-0.077,2 Pointers,2023-24,309.0,644.0,0.48,0.557,,,,,,,,,,,,
1630178,Tyrese Maxey,1610612755,PHI,G,23.0,70,70,0.596,,,,,-0.014,2 Pointers,2023-24,253.0,480.0,0.527,0.541,,,,,,,,,,,,
1627759,Jaylen Brown,1610612738,BOS,G-F,27.0,70,70,0.597,,,,,-0.026,2 Pointers,2023-24,233.0,451.0,0.517,0.542,,,,,,,,,,,,
203484,Kentavious Caldwell-Pope,1610612743,DEN,G,31.0,74,73,0.619,,,,,-0.013,2 Pointers,2023-24,224.0,431.0,0.52,0.533,,,,,,,,,,,,
1629014,Anfernee Simons,1610612757,POR,G,25.0,46,46,0.659,,,,,0.085,2 Pointers,2023-24,256.0,407.0,0.629,0.544,,,,,,,,,,,,
2544,LeBron James,1610612747,LAL,F,39.0,70,69,0.573,,,,,0.0,2 Pointers,2023-24,222.0,407.0,0.545,0.546,,,,,,,,,,,,
1629731,Dean Wade,1610612739,CLE,F-C,27.0,52,51,0.759,,,,,-0.003,2 Pointers,2023-24,178.0,330.0,0.539,0.542,,,,,,,,,,,,
203954,Joel Embiid,1610612755,PHI,C-F,30.0,39,39,0.421,,,,,-0.105,Less Than 6Ft,2023-24,,,,,188.0,351.0,0.536,0.641,,,,,,,,
1630178,Tyrese Maxey,1610612755,PHI,G,23.0,70,68,0.352,,,,,-0.015,Less Than 6Ft,2023-24,,,,,174.0,283.0,0.615,0.63,,,,,,,,
1627759,Jaylen Brown,1610612738,BOS,G-F,27.0,70,67,0.359,,,,,-0.059,Less Than 6Ft,2023-24,,,,,154.0,271.0,0.568,0.627,,,,,,,,
1629014,Anfernee Simons,1610612757,POR,G,25.0,46,46,0.4,,,,,0.095,Less Than 6Ft,2023-24,,,,,179.0,247.0,0.725,0.63,,,,,,,,
2544,LeBron James,1610612747,LAL,F,39.0,70,66,0.344,,,,,-0.006,Less Than 6Ft,2023-24,,,,,150.0,244.0,0.615,0.621,,,,,,,,
203484,Kentavious Caldwell-Pope,1610612743,DEN,G,31.0,74,71,0.309,,,,,0.031,Less Than 6Ft,2023-24,,,,,142.0,215.0,0.66,0.629,,,,,,,,
1629731,Dean Wade,1610612739,CLE,F-C,27.0,52,49,0.414,,,,,-0.051,Less Than 6Ft,2023-24,,,,,106.0,180.0,0.589,0.64,,,,,,,,
203954,Joel Embiid,1610612755,PHI,C-F,30.0,39,39,0.513,,,,,-0.082,Less Than 10Ft,2023-24,,,,,,,,,223.0,427.0,0.522,0.604,,,,
1630178,Tyrese Maxey,1610612755,PHI,G,23.0,70,69,0.448,,,,,-0.018,Less Than 10Ft,2023-24,,,,,,,,,205.0,361.0,0.568,0.586,,,,
1627759,Jaylen Brown,1610612738,BOS,G-F,27.0,70,69,0.456,,,,,-0.061,Less Than 10Ft,2023-24,,,,,,,,,181.0,344.0,0.526,0.587,,,,
2544,LeBron James,1610612747,LAL,F,39.0,70,68,0.43,,,,,-0.003,Less Than 10Ft,2023-24,,,,,,,,,177.0,305.0,0.58,0.583,,,,
1629014,Anfernee Simons,1610612757,POR,G,25.0,46,46,0.481,,,,,0.084,Less Than 10Ft,2023-24,,,,,,,,,200.0,297.0,0.673,0.59,,,,
203484,Kentavious Caldwell-Pope,1610612743,DEN,G,31.0,74,73,0.399,,,,,-0.003,Less Than 10Ft,2023-24,,,,,,,,,162.0,278.0,0.583,0.586,,,,
1629731,Dean Wade,1610612739,CLE,F-C,27.0,52,50,0.586,,,,,-0.025,Less Than 10Ft,2023-24,,,,,,,,,144.0,255.0,0.565,0.59,,,,
1630178,Tyrese Maxey,1610612755,PHI,G,23.0,70,70,0.462,,,,,-0.008,Greater Than 15Ft,2023-24,,,,,,,,,,,,,136.0,372.0,0.366,0.373
2544,LeBron James,1610612747,LAL,F,39.0,70,70,0.508,,,,,0.0,Greater Than 15Ft,2023-24,,,,,,,,,,,,,134.0,361.0,0.371,0.371
1627759,Jaylen Brown,1610612738,BOS,G-F,27.0,70,70,0.454,,,,,-0.017,Greater Than 15Ft,2023-24,,,,,,,,,,,,,124.0,343.0,0.362,0.378
203484,Kentavious Caldwell-Pope,1610612743,DEN,G,31.0,74,72,0.471,,,,,-0.036,Greater Than 15Ft,2023-24,,,,,,,,,,,,,112.0,328.0,0.341,0.378
203954,Joel Embiid,1610612755,PHI,C-F,30.0,39,39,0.373,,,,,-0.037,Greater Than 15Ft,2023-24,,,,,,,,,,,,,104.0,311.0,0.334,0.371
1629014,Anfernee Simons,1610612757,POR,G,25.0,46,46,0.414,,,,,-0.001,Greater Than 15Ft,2023-24,,,,,,,,,,,,,98.0,256.0,0.383,0.383
1629731,Dean Wade,1610612739,CLE,F-C,27.0,52,49,0.303,,,,,-0.104,Greater Than 15Ft,2023-24,,,,,,,,,,,,,36.0,132.0,0.273,0.376
2544,LeBron James,1610612747,LAL,F,40.0,70,69,0.47,124.0,365.0,0.34,0.356,-0.017,3 Pointers,2024-25,,,,,,,,,,,,,,,,
1627759,Jaylen Brown,1610612738,BOS,G-F,28.0,63,62,0.449,108.0,331.0,0.326,0.364,-0.038,3 Pointers,2024-25,,,,,,,,,,,,,,,,
1629014,Anfernee Simons,1610612757,POR,G,26.0,70,67,0.362,110.0,295.0,0.373,0.368,0.004,3 Pointers,2024-25,,,,,,,,,,,,,,,,
203484,Kentavious Caldwell-Pope,1610612763,MEM,G,32.0,77,73,0.369,101.0,245.0,0.412,0.369,0.043,3 Pointers,2024-25,,,,,,,,,,,,,,,,
1630178,Tyrese Maxey,1610612755,PHI,G,24.0,52,52,0.39,89.0,244.0,0.365,0.365,0.0,3 Pointers,2024-25,,,,,,,,,,,,,,,,
1641737,Adem Bona,1610612755,PHI,F,22.0,51,41,0.3,55.0,147.0,0.374,0.344,0.03,3 Pointers,2024-25,,,,,,,,,,,,,,,,
1629731,Dean Wade,1610612739,CLE,F-C,28.0,59,52,0.289,54.0,144.0,0.375,0.361,0.014,3 Pointers,2024-25,,,,,,,,,,,,,,,,
203954,Joel Embiid,1610612755,PHI,C-F,31.0,19,19,0.355,40.0,107.0,0.374,0.352,0.022,3 Pointers,2024-25,,,,,,,,,,,,,,,,
1630574,Ariel Hukporti,1610612752,NYK,C,23.0,22,12,0.26,7.0,34.0,0.206,0.346,-0.14,3 Pointers,2024-25,,,,,,,,,,,,,,,,
1629014,Anfernee Simons,1610612757,POR,G,26.0,70,70,0.638,,,,,0.04,2 Pointers,2024-25,301.0,519.0,0.58,0.54,,,,,,,,,,,,
203484,Kentavious Caldwell-Pope,1610612763,MEM,G,32.0,77,76,0.631,,,,,0.012,2 Pointers,2024-25,229.0,419.0,0.547,0.535,,,,,,,,,,,,
2544,LeBron James,1610612747,LAL,F,40.0,70,69,0.53,,,,,-0.011,2 Pointers,2024-25,220.0,411.0,0.535,0.547,,,,,,,,,,,,
1627759,Jaylen Brown,1610612738,BOS,G-F,28.0,63,63,0.551,,,,,0.037,2 Pointers,2024-25,238.0,406.0,0.586,0.549,,,,,,,,,,,,
1630178,Tyrese Maxey,1610612755,PHI,G,24.0,52,52,0.61,,,,,-0.022,2 Pointers,2024-25,195.0,382.0,0.51,0.532,,,,,,,,,,,,
1629731,Dean Wade,1610612739,CLE,F-C,28.0,59,57,0.711,,,,,-0.042,2 Pointers,2024-25,178.0,355.0,0.501,0.544,,,,,,,,,,,,
1641737,Adem Bona,1610612755,PHI,F,22.0,51,51,0.7,,,,,-0.061,2 Pointers,2024-25,170.0,343.0,0.496,0.556,,,,,,,,,,,,
203954,Joel Embiid,1610612755,PHI,C-F,31.0,19,19,0.645,,,,,-0.026,2 Pointers,2024-25,102.0,194.0,0.526,0.551,,,,,,,,,,,,
1630574,Ariel Hukporti,1610612752,NYK,C,23.0,22,21,0.74,,,,,-0.053,2 Pointers,2024-25,49.0,97.0,0.505,0.559,,,,,,,,,,,,
1629014,Anfernee Simons,1610612757,POR,G,26.0,70,70,0.372,,,,,0.01,Less Than 6Ft,2024-25,,,,,194.0,303.0,0.64,0.63,,,,,,,,
1627759,Jaylen Brown,1610612738,BOS,G-F,28.0,63,60,0.33,,,,,0.008,Less Than 6Ft,2024-25,,,,,156.0,243.0,0.642,0.634,,,,,,,,
2544,LeBron James,1610612747,LAL,F,40.0,70,66,0.311,,,,,0.019,Less Than 6Ft,2024-25,,,,,156.0,241.0,0.647,0.628,,,,,,,,
203484,Kentavious Caldwell-Pope,1610612763,MEM,G,32.0,77,73,0.355,,,,,-0.011,Less Than 6Ft,2024-25,,,,,145.0,236.0,0.614,0.626,,,,,,,,
1630178,Tyrese Maxey,1610612755,PHI,G,24.0,52,51,0.339,,,,,0.024,Less Than 6Ft,2024-25,,,,,138.0,212.0,0.651,0.627,,,,,,,,
1641737,Adem Bona,1610612755,PHI,F,22.0,51,51,0.427,,,,,-0.057,Less Than 6Ft,2024-25,,,,,121.0,209.0,0.579,0.636,,,,,,,,
1629731,Dean Wade,1610612739,CLE,F-C,28.0,59,54,0.391,,,,,-0.045,Less Than 6Ft,2024-25,,,,,114.0,195.0,0.585,0.63,,,,,,,,
203954,Joel Embiid,1610612755,PHI,C-F,31.0,19,19,0.369,,,,,-0.032,Less Than 6Ft,2024-25,,,,,67.0,111.0,0.604,0.636,,,,,,,,
1630574,Ariel Hukporti,1610612752,NYK,C,23.0,22,20,0.458,,,,,-0.095,Less Than 6Ft,2024-25,,,,,32.0,60.0,0.533,0.629,,,,,,,,
1629014,Anfernee Simons,1610612757,POR,G,26.0,70,70,0.485,,,,,0.029,Less Than 10Ft,2024-25,,,,,,,,,242.0,395.0,0.613,0.584,,,,
2544,LeBron James,1610612747,LAL,F,40.0,70,69,0.41,,,,,-0.001,Less Than 10Ft,2024-25,,,,,,,,,186.0,318.0,0.585,0.586,,,,
203484,Kentavious Caldwell-Pope,1610612763,MEM,G,32.0,77,74,0.45,,,,,-0.019,Less Than 10Ft,2024-25,,,,,,,,,168.0,299.0,0.562,0.58,,,,
1627759,Jaylen Brown,1610612738,BOS,G-F,28.0,63,63,0.404,,,,,0.016,Less Than 10Ft,2024-25,,,,,,,,,181.0,298.0,0.607,0.592,,,,
1630178,Tyrese Maxey,1610612755,PHI,G,24.0,52,52,0.427,,,,,-0.01,Less Than 10Ft,2024-25,,,,,,,,,152.0,267.0,0.569,0.579,,,,
1629731,Dean Wade,1610612739,CLE,F-C,28.0,59,55,0.523,,,,,-0.056,Less Than 10Ft,2024-25,,,,,,,,,139.0,261.0,0.533,0.589,,,,
1641737,Adem Bona,1610612755,PHI,F,22.0,51,51,0.531,,,,,-0.075,Less Than 10Ft,2024-25,,,,,,,,,135.0,260.0,0.519,0.594,,,,
203954,Joel Embiid,1610612755,PHI,C-F,31.0,19,19,0.458,,,,,-0.042,Less Than 10Ft,2024-25,,,,,,,,,76.0,138.0,0.551,0.592,,,,
1630574,Ariel Hukporti,1610612752,NYK,C,23.0,22,20,0.542,,,,,-0.056,Less Than 10Ft,2024-25,,,,,,,,,38.0,71.0,0.535,0.591,,,,
2544,LeBron James,1610612747,LAL,F,40.0,70,69,0.513,,,,,-0.033,Greater Than 15Ft,2024-25,,,,,,,,,,,,,131.0,398.0,0.329,0.363
1627759,Jaylen Brown,1610612738,BOS,G-F,28.0,63,63,0.512,,,,,-0.026,Greater Than 15Ft,2024-25,,,,,,,,,,,,,130.0,377.0,0.345,0.371
1629014,Anfernee Simons,1610612757,POR,G,26.0,70,68,0.42,,,,,0.001,Greater Than 15Ft,2024-25,,,,,,,,,,,,,129.0,342.0,0.377,0.376
203484,Kentavious Caldwell-Pope,1610612763,MEM,G,32.0,77,75,0.447,,,,,0.047,Greater Than 15Ft,2024-25,,,,,,,,,,,,,126.0,297.0,0.424,0.377
1630178,Tyrese Maxey,1610612755,PHI,G,24.0,52,52,0.454,,,,,-0.008,Greater Than 15Ft,2024-25,,,,,,,,,,,,,103.0,284.0,0.363,0.371
1641737,Adem Bona,1610612755,PHI,F,22.0,51,46,0.386,,,,,0.028,Greater Than 15Ft,2024-25,,,,,,,,,,,,,72.0,189.0,0.381,0.353
1629731,Dean Wade,1610612739,CLE,F-C,28.0,59,54,0.357,,,,,-0.014,Greater Than 15Ft,2024-25,,,,,,,,,,,,,63.0,178.0,0.354,0.368
203954,Joel Embiid,1610612755,PHI,C-F,31.0,19,19,0.422,,,,,0.027,Greater Than 15Ft,2024-25,,,,,,,,,,,,,49.0,127.0,0.386,0.359
1630574,Ariel Hukporti,1610612752,NYK,C,23.0,22,14,0.328,,,,,-0.078,Greater Than 15Ft,2024-25,,,,,,,,,,,,,12.0,43.0,0.279,0.357
1627759,Jaylen Brown,1610612738,BOS,G-F,29.0,71,71,0.512,142.0,412.0,0.345,0.358,-0.014,3 Pointers,2025-26,,,,,,,,,,,,,,,,
1630178,Tyrese Maxey,1610612755,PHI,G,25.0,70,70,0.442,136.0,388.0,0.351,0.365,-0.015,3 Pointers,2025-26,,,,,,,,,,,,,,,,
1642845,VJ Edgecombe,1610612755,PHI,G,20.0,74,73,0.385,122.0,369.0,0.331,0.363,-0.033,3 Pointers,2025-26,,,,,,,,,,,,,,,,
2544,LeBron James,1610612747,LAL,F,41.0,60,58,0.421,84.0,239.0,0.351,0.362,-0.01,3 Pointers,2025-26,,,,,,,,,,,,,,,,
1641737,Adem Bona,1610612755,PHI,F,23.0,70,64,0.357,80.0,205.0,0.39,0.363,0.028,3 Pointers,2025-26,,,,,,,,,,,,,,,,
203954,Joel Embiid,1610612755,PHI,C-F,32.0,38,38,0.296,57.0,184.0,0.31,0.355,-0.045,3 Pointers,2025-26,,,,,,,,,,,,,,,,
1629014,Anfernee Simons,1610612741,CHI,G,27.0,55,52,0.358,59.0,175.0,0.337,0.357,-0.02,3 Pointers,2025-26,,,,,,,,,,,,,,,,
1629731,Dean Wade,1610612739,CLE,F-C,29.0,58,55,0.307,57.0,173.0,0.329,0.363,-0.033,3 Pointers,2025-26,,,,,,,,,,,,,,,,
203484,Kentavious Caldwell-Pope,1610612763,MEM,G,33.0,50,46,0.409,49.0,117.0,0.419,0.361,0.058,3 Pointers,2025-26,,,,,,,,,,,,,,,,
1630574,Ariel Hukporti,1610612752,NYK,C,24.0,50,39,0.346,26.0,84.0,0.31,0.349,-0.04,3 Pointers,2025-26,,,,,,,,,,,,,,,,
1642845,VJ Edgecombe,1610612755,PHI,G,20.0,74,74,0.615,,,,,0.018,2 Pointers,2025-26,331.0,590.0,0.561,0.543,,,,,,,,,,,,
1630178,Tyrese Maxey,1610612755,PHI,G,25.0,70,70,0.558,,,,,0.016,2 Pointers,2025-26,272.0,490.0,0.555,0.539,,,,,,,,,,,,
203954,Joel Embiid,1610612755,PHI,C-F,32.0,38,38,0.704,,,,,-0.052,2 Pointers,2025-26,220.0,438.0,0.502,0.555,,,,,,,,,,,,
1627759,Jaylen Brown,1610612738,BOS,G-F,29.0,71,70,0.488,,,,,-0.04,2 Pointers,2025-26,198.0,393.0,0.504,0.543,,,,,,,,,,,,
1629731,Dean Wade,1610612739,CLE,F-C,29.0,58,58,0.693,,,,,-0.041,2 Pointers,2025-26,194.0,391.0,0.496,0.537,,,,,,,,,,,,
1641737,Adem Bona,1610612755,PHI,F,23.0,70,68,0.643,,,,,-0.04,2 Pointers,2025-26,195.0,370.0,0.527,0.567,,,,,,,,,,,,
2544,LeBron James,1610612747,LAL,F,41.0,60,60,0.579,,,,,0.034,2 Pointers,2025-26,193.0,329.0,0.587,0.552,,,,,,,,,,,,
1629014,Anfernee Simons,1610612741,CHI,G,27.0,55,55,0.642,,,,,0.005,2 Pointers,2025-26,170.0,314.0,0.541,0.536,,,,,,,,,,,,
203484,Kentavious Caldwell-Pope,1610612763,MEM,G,33.0,50,47,0.591,,,,,0.093,2 Pointers,2025-26,108.0,169.0,0.639,0.546,,,,,,,,,,,,
1630574,Ariel Hukporti,1610612752,NYK,C,24.0,50,44,0.654,,,,,-0.127,2 Pointers,2025-26,67.0,159.0,0.421,0.548,,,,,,,,,,,,
1642845,VJ Edgecombe,1610612755,PHI,G,20.0,74,73,0.372,,,,,0.014,Less Than 6Ft,2025-26,,,,,232.0,357.0,0.65,0.636,,,,,,,,
1630178,Tyrese Maxey,1610612755,PHI,G,25.0,70,69,0.329,,,,,0.027,Less Than 6Ft,2025-26,,,,,189.0,289.0,0.654,0.627,,,,,,,,
203954,Joel Embiid,1610612755,PHI,C-F,32.0,38,38,0.436,,,,,-0.053,Less Than 6Ft,2025-26,,,,,160.0,271.0,0.59,0.644,,,,,,,,
1641737,Adem Bona,1610612755,PHI,F,23.0,70,64,0.4,,,,,-0.083,Less Than 6Ft,2025-26,,,,,131.0,230.0,0.57,0.653,,,,,,,,
2544,LeBron James,1610612747,LAL,F,41.0,60,59,0.391,,,,,-0.003,Less Than 6Ft,2025-26,,,,,141.0,222.0,0.635,0.638,,,,,,,,
1627759,Jaylen Brown,1610612738,BOS,G-F,29.0,71,68,0.271,,,,,-0.057,Less Than 6Ft,2025-26,,,,,123.0,218.0,0.564,0.621,,,,,,,,
1629731,Dean Wade,1610612739,CLE,F-C,29.0,58,55,0.369,,,,,-0.028,Less Than 6Ft,2025-26,,,,,125.0,208.0,0.601,0.629,,,,,,,,
1629014,Anfernee Simons,1610612741,CHI,G,27.0,55,54,0.419,,,,,0.006,Less Than 6Ft,2025-26,,,,,129.0,205.0,0.629,0.623,,,,,,,,
1630574,Ariel Hukporti,1610612752,NYK,C,24.0,50,37,0.407,,,,,-0.108,Less Than 6Ft,2025-26,,,,,52.0,99.0,0.525,0.633,,,,,,,,
203484,Kentavious Caldwell-Pope,1610612763,MEM,G,33.0,50,42,0.336,,,,,0.133,Less Than 6Ft,2025-26,,,,,74.0,96.0,0.771,0.638,,,,,,,,
1642845,VJ Edgecombe,1610612755,PHI,G,20.0,74,74,0.453,,,,,0.026,Less Than 10Ft,2025-26,,,,,,,,,267.0,434.0,0.615,0.59,,,,
1630178,Tyrese Maxey,1610612755,PHI,G,25.0,70,70,0.412,,,,,0.033,Less Than 10Ft,2025-26,,,,,,,,,224.0,362.0,0.619,0.585,,,,
203954,Joel Embiid,1610612755,PHI,C-F,32.0,38,38,0.502,,,,,-0.031,Less Than 10Ft,2025-26,,,,,,,,,178.0,312.0,0.571,0.602,,,,
1627759,Jaylen Brown,1610612738,BOS,G-F,29.0,71,69,0.361,,,,,-0.047,Less Than 10Ft,2025-26,,,,,,,,,156.0,291.0,0.536,0.583,,,,
1641737,Adem Bona,1610612755,PHI,F,23.0,70,66,0.504,,,,,-0.043,Less Than 10Ft,2025-26,,,,,,,,,164.0,290.0,0.566,0.608,,,,
1629731,Dean Wade,1610612739,CLE,F-C,29.0,58,56,0.489,,,,,-0.046,Less Than 10Ft,2025-26,,,,,,,,,148.0,276.0,0.536,0.583,,,,
2544,LeBron James,1610612747,LAL,F,41.0,60,60,0.463,,,,,0.014,Less Than 10Ft,2025-26,,,,,,,,,161.0,263.0,0.612,0.598,,,,
1629014,Anfernee Simons,1610612741,CHI,G,27.0,55,54,0.497,,,,,0.006,Less Than 10Ft,2025-26,,,,,,,,,143.0,243.0,0.588,0.582,,,,
203484,Kentavious Caldwell-Pope,1610612763,MEM,G,33.0,50,43,0.42,,,,,0.116,Less Than 10Ft,2025-26,,,,,,,,,85.0,120.0,0.708,0.593,,,,
1630574,Ariel Hukporti,1610612752,NYK,C,24.0,50,41,0.481,,,,,-0.115,Less Than 10Ft,2025-26,,,,,,,,,56.0,117.0,0.479,0.594,,,,
1627759,Jaylen Brown,1610612738,BOS,G-F,29.0,71,71,0.575,,,,,-0.012,Greater Than 15Ft,2025-26,,,,,,,,,,,,,164.0,463.0,0.354,0.366
1630178,Tyrese Maxey,1610612755,PHI,G,25.0,70,70,0.489,,,,,-0.017,Greater Than 15Ft,2025-26,,,,,,,,,,,,,152.0,429.0,0.354,0.371
1642845,VJ Edgecombe,1610612755,PHI,G,20.0,74,73,0.437,,,,,-0.027,Greater Than 15Ft,2025-26,,,,,,,,,,,,,144.0,419.0,0.344,0.371
2544,LeBron James,1610612747,LAL,F,41.0,60,58,0.488,,,,,0.005,Greater Than 15Ft,2025-26,,,,,,,,,,,,,103.0,277.0,0.372,0.367
203954,Joel Embiid,1610612755,PHI,C-F,32.0,38,38,0.399,,,,,-0.053,Greater Than 15Ft,2025-26,,,,,,,,,,,,,76.0,248.0,0.306,0.359
1641737,Adem Bona,1610612755,PHI,F,23.0,70,67,0.424,,,,,0.023,Greater Than 15Ft,2025-26,,,,,,,,,,,,,95.0,244.0,0.389,0.366
1629731,Dean Wade,1610612739,CLE,F-C,29.0,58,56,0.381,,,,,-0.026,Greater Than 15Ft,2025-26,,,,,,,,,,,,,74.0,215.0,0.344,0.37
1629014,Anfernee Simons,1610612741,CHI,G,27.0,55,54,0.409,,,,,-0.011,Greater Than 15Ft,2025-26,,,,,,,,,,,,,70.0,200.0,0.35,0.361
203484,Kentavious Caldwell-Pope,1610612763,MEM,G,33.0,50,48,0.483,,,,,0.066,Greater Than 15Ft,2025-26,,,,,,,,,,,,,60.0,138.0,0.435,0.368
1630574,Ariel Hukporti,1610612752,NYK,C,24.0,50,40,0.444,,,,,-0.05,Greater Than 15Ft,2025-26,,,,,,,,,,,,,33.0,108.0,0.306,0.355
